标题,嘉宾/对象,主题,年份,链接,备注
晚点对话何小鹏：为了做一个真正的 CEO，我付出了怎样的代价,何小鹏 / 小鹏汽车,汽车·组织,2025,https://www.latepost.com/news/dj_detail?id=2776,近年最被反复精读的 CEO 访谈之一，约 2.2 万字
晚点对话美的方洪波：我只是一个过客，不需要被任何人记住,方洪波 / 美的,制造·治理,2025-26,https://www.latepost.com/,内卷、加班与简化经营
晚点专访张益唐：70 岁数学家，追逐第二次闪电,张益唐,科学·人物,2025,https://podcast.latepost.com/135,文字+视频+播客三栖
独家对话美团王菠中：我们不想卷，但不能不反击,王菠中 / 美团,本地生活,2025-26,https://www.latepost.com/,核心本地商业反击战
对话与爱为舞张怀亭：大哥创业不走弯路,张怀亭 / 与爱为舞,消费·创业,2026,https://www.latepost.com/,联创稳定与路径选择
中国民营火箭首次回收之后：对话朱雀三号副总设计师,朱雀三号团队,航天,2026,https://www.latepost.com/,工程没有弯道超车
对话香港大学马毅：如果相信只靠 Scaling Laws 就能实现 AGI，你该改行了,马毅 / 港大,AI 理论,2024,https://mp.weixin.qq.com/s/YTLWgcsGds86lgW_druXBQ,对应晚点聊 71 期
对话 Momenta 曹旭东：超越智驾的摩尔定律,曹旭东 / Momenta,智驾,2024-26,https://mp.weixin.qq.com/s/QAZvo8xNw8UyIotyer7rEw,对应晚点聊 77 / 172 期
大疆览沃前负责人洪小平创业：我做的不是一台电动轮椅,洪小平 / Strutt,具身·硬件,2025,https://mp.weixin.qq.com/s/HRP3mKrFK7MA2O_4S8ntJw,对应晚点聊 141 期
晚点对话王兴兴：只要足够专注，我不信有什么问题解决不了,王兴兴 / 宇树,具身机器人,2024-25,https://www.latepost.com/,公众号《晚点 LatePost》检索标题
对话单伟建：钱多的时候，投资者容易忘记企业需要盈利能力,单伟建,投资,2023,https://www.latepost.com/,2023 年报索引中的访谈
李小加创业记：终于觉得金融可以帮到人了,李小加,金融·创业,2023,https://www.latepost.com/,港交所前掌门人创业
经济学家姚洋：应该缩小民众收入能力方面的差距,姚洋,经济,2023,https://www.latepost.com/,对“日本化”讨论的回应
彭文生：为什么要请一位经济学家谈论人口问题？,彭文生,人口·宏观,2023,https://www.latepost.com/,长期人口议题
梁建章：是时候正视年轻人的生育困境了,梁建章 / 携程,人口·社会,2023,https://www.latepost.com/,12 年推动人口政策
饿了么往事丨晚点口述史,张旭豪、康嘉、王兴等,口述史,2025,https://mp.weixin.qq.com/s/c6gzt2xygoyTnU4XHaMZ8g,多人口述还原 17 年外卖战争
